id,generated
0000aaaa,0.012896112219707068
1111bbbb,0.012896112219707068
2222cccc,0.012896112219707068
